trade_date,open,high,low,close,adjusted_close,volume
2022-01-03,3400.0,3405.5839,3329.6764,3338.0908,3338.0908,1656503
2022-01-04,3338.0908,3413.9433,3337.2003,3409.1652,3409.1652,1833356
2022-01-05,3409.1652,3414.2144,3327.2567,3340.2642,3340.2642,1860442
2022-01-06,3340.2642,3350.5602,3306.237,3310.5978,3310.5978,1470779
2022-01-07,3310.5978,3335.001,3301.7809,3319.6722,3319.6722,1896942
2022-01-10,3319.6722,3349.6581,3256.8662,3257.4064,3257.4064,1610339
2022-01-11,3257.4064,3284.4621,3230.3931,3276.0013,3276.0013,2462569
2022-01-12,3276.0013,3311.4297,3264.033,3308.5533,3308.5533,1869210
2022-01-13,3308.5533,3318.0645,3264.1343,3291.4283,3291.4283,1853333
2022-01-14,3291.4283,3319.2311,3276.1429,3284.0172,3284.0172,2345531
2022-01-17,3284.0172,3385.7353,3258.55,3385.59,3385.59,1717033
2022-01-18,3385.59,3450.4087,3378.0129,3423.2494,3423.2494,2126601
2022-01-19,3423.2494,3434.5002,3376.266,3430.1556,3430.1556,2003177
2022-01-20,3430.1556,3471.0668,3418.7024,3462.9849,3462.9849,2575660
2022-01-21,3462.9849,3506.3214,3461.7934,3500.4032,3500.4032,1900530
2022-01-24,3500.4032,3531.4269,3496.8427,3523.1741,3523.1741,2726764
2022-01-25,3523.1741,3547.3207,3481.4061,3493.9662,3493.9662,2647760
2022-01-26,3493.9662,3506.6469,3489.6533,3491.0884,3491.0884,2000878
2022-01-27,3491.0884,3593.1629,3464.2263,3590.774,3590.774,1328966
2022-01-28,3590.774,3628.8824,3589.5415,3626.342,3626.342,2027318
2022-01-31,3626.342,3701.6067,3617.0925,3693.4567,3693.4567,2169119
2022-02-01,3693.4567,3706.4051,3692.7251,3698.67,3698.67,1724989
2022-02-02,3698.67,3724.958,3695.0156,3715.1719,3715.1719,1633691
2022-02-03,3715.1719,3760.7065,3680.6427,3729.0032,3729.0032,2533023
2022-02-04,3729.0032,3741.9248,3714.6751,3724.0451,3724.0451,1897160
2022-02-07,3724.0451,3747.0018,3713.0738,3716.8397,3716.8397,1799425
2022-02-08,3716.8397,3781.1933,3707.0445,3762.0419,3762.0419,2594763
2022-02-09,3762.0419,3766.6963,3690.821,3708.4745,3708.4745,2225354
2022-02-10,3708.4745,3750.9892,3701.6135,3721.0934,3721.0934,2154503
2022-02-11,3721.0934,3737.0419,3709.3889,3726.0806,3726.0806,2012923
2022-02-14,3726.0806,3762.1947,3711.7483,3757.5415,3757.5415,2547877
2022-02-15,3757.5415,3776.345,3706.5937,3718.9212,3718.9212,2093283
2022-02-16,3718.9212,3731.2345,3651.7764,3659.7941,3659.7941,1848437
2022-02-17,3659.7941,3721.0723,3656.2202,3715.3659,3715.3659,2061459
2022-02-18,3715.3659,3741.2312,3631.7246,3636.1413,3636.1413,1790902
2022-02-21,3636.1413,3648.0915,3626.5953,3637.7046,3637.7046,2459037
2022-02-22,3637.7046,3647.3225,3610.2369,3627.6923,3627.6923,1765213
2022-02-23,3627.6923,3642.2105,3601.5615,3618.7651,3618.7651,2607174
2022-02-24,3618.7651,3626.0881,3536.2413,3544.1565,3544.1565,1599498
2022-02-25,3544.1565,3547.0866,3541.4623,3544.6756,3544.6756,1931493
2022-02-28,3544.6756,3562.8516,3478.4015,3501.4553,3501.4553,1933010
2022-03-01,3501.4553,3510.5901,3439.3919,3441.1953,3441.1953,2345714
2022-03-02,3441.1953,3491.1866,3433.4744,3481.6235,3481.6235,1867347
2022-03-03,3481.6235,3509.3081,3470.7157,3508.127,3508.127,2237481
2022-03-04,3508.127,3564.6524,3504.3086,3542.4507,3542.4507,2335911
2022-03-07,3542.4507,3604.8191,3528.3626,3588.2939,3588.2939,2379997
2022-03-08,3588.2939,3637.0734,3583.6525,3629.1019,3629.1019,2164436
2022-03-09,3629.1019,3645.8261,3627.1853,3632.9829,3632.9829,2048912
2022-03-10,3632.9829,3687.9482,3632.1762,3679.0821,3679.0821,2047272
2022-03-11,3679.0821,3695.216,3627.1459,3637.1998,3637.1998,1919738
2022-03-14,3637.1998,3694.121,3635.9337,3690.1423,3690.1423,1721938
2022-03-15,3690.1423,3735.6934,3653.2663,3716.3428,3716.3428,2192741
2022-03-16,3716.3428,3723.5282,3582.6328,3619.4084,3619.4084,1628362
2022-03-17,3619.4084,3648.2188,3593.2866,3635.584,3635.584,1899139
2022-03-18,3635.584,3661.7362,3631.8613,3646.5105,3646.5105,1861156
2022-03-21,3646.5105,3730.6983,3633.4076,3716.3309,3716.3309,1170105
2022-03-22,3716.3309,3739.46,3702.0726,3732.2928,3732.2928,2015082
2022-03-23,3732.2928,3764.8634,3717.4757,3743.9496,3743.9496,1684434
2022-03-24,3743.9496,3785.3673,3735.431,3756.3356,3756.3356,2565393
2022-03-25,3756.3356,3845.085,3752.837,3830.3172,3830.3172,2220799
2022-03-28,3830.3172,3830.7191,3760.9569,3780.4237,3780.4237,2599256
2022-03-29,3780.4237,3787.9202,3706.8516,3713.2431,3713.2431,1796870
2022-03-30,3713.2431,3715.1798,3658.9073,3682.8968,3682.8968,1548840
2022-03-31,3682.8968,3689.6449,3659.2143,3671.816,3671.816,1813151
2022-04-01,3671.816,3754.4887,3659.1598,3742.2178,3742.2178,1125357
2022-04-04,3742.2178,3746.3842,3641.6007,3664.188,3664.188,2419382
2022-04-05,3664.188,3682.2742,3644.8521,3650.2601,3650.2601,2400366
2022-04-06,3650.2601,3707.9821,3635.7717,3705.1533,3705.1533,2554551
2022-04-07,3705.1533,3729.4667,3688.7086,3729.1415,3729.1415,2113587
2022-04-08,3729.1415,3735.7803,3590.1858,3607.5223,3607.5223,2292656
2022-04-11,3607.5223,3618.5373,3531.6521,3562.0734,3562.0734,2287247
2022-04-12,3562.0734,3576.1425,3490.7694,3498.002,3498.002,1672316
2022-04-13,3498.002,3530.7896,3486.3143,3528.0403,3528.0403,2118904
2022-04-14,3528.0403,3608.5318,3510.2617,3608.2027,3608.2027,2258321
2022-04-15,3608.2027,3626.8315,3600.565,3623.7649,3623.7649,1814530
2022-04-18,3623.7649,3717.5198,3597.9126,3711.4344,3711.4344,2061276
2022-04-19,3711.4344,3731.2988,3691.9801,3702.4917,3702.4917,1965399
2022-04-20,3702.4917,3702.9527,3673.969,3676.4997,3676.4997,1947641
2022-04-21,3676.4997,3707.6052,3581.5207,3590.2044,3590.2044,1868887
2022-04-22,3590.2044,3599.5963,3570.7107,3585.2715,3585.2715,2386311
2022-04-25,3585.2715,3589.5318,3560.0537,3565.7693,3565.7693,2628533
2022-04-26,3565.7693,3689.285,3565.4376,3660.6083,3660.6083,1690655
2022-04-27,3660.6083,3663.3129,3619.7486,3633.7078,3633.7078,1425518
2022-04-28,3633.7078,3667.6939,3630.5284,3662.6374,3662.6374,2057182
2022-04-29,3662.6374,3689.7625,3651.8812,3670.7023,3670.7023,2280730
2022-05-02,3670.7023,3740.1196,3668.2834,3732.0068,3732.0068,2169324
2022-05-03,3732.0068,3770.7865,3731.6566,3755.8999,3755.8999,2100724
2022-05-04,3755.8999,3817.1596,3731.3928,3813.2393,3813.2393,1844040
2022-05-05,3813.2393,3816.9644,3778.2597,3786.0729,3786.0729,1795368
2022-05-06,3786.0729,3793.2468,3704.478,3730.1289,3730.1289,1886343
2022-05-09,3730.1289,3749.1894,3693.4931,3719.3473,3719.3473,1901628
2022-05-10,3719.3473,3756.4262,3711.2008,3742.6589,3742.6589,2468662
2022-05-11,3742.6589,3759.6582,3682.2419,3684.1163,3684.1163,1494485
2022-05-12,3684.1163,3707.8747,3671.6608,3694.4026,3694.4026,1734124
2022-05-13,3694.4026,3695.5649,3685.7955,3694.3028,3694.3028,1966184
2022-05-16,3694.3028,3713.743,3658.6065,3671.3669,3671.3669,2363538
2022-05-17,3671.3669,3685.8565,3570.3883,3585.3711,3585.3711,1467194
2022-05-18,3585.3711,3628.7392,3565.9277,3620.9624,3620.9624,2052012
2022-05-19,3620.9624,3638.3781,3596.7995,3598.2766,3598.2766,2011314
2022-05-20,3598.2766,3609.3877,3543.0601,3545.9971,3545.9971,2439335
2022-05-23,3545.9971,3548.905,3459.2123,3470.1177,3470.1177,2153691
2022-05-24,3470.1177,3522.9445,3465.707,3519.1278,3519.1278,2456874
2022-05-25,3519.1278,3529.041,3461.3003,3497.8834,3497.8834,2601314
2022-05-26,3497.8834,3509.171,3451.8869,3465.4407,3465.4407,2610439
2022-05-27,3465.4407,3475.3654,3457.4501,3458.1322,3458.1322,2008761
2022-05-30,3458.1322,3496.2238,3445.7695,3487.1211,3487.1211,2566822
2022-05-31,3487.1211,3534.2682,3478.0496,3532.5844,3532.5844,2346539
2022-06-01,3532.5844,3560.7155,3504.2882,3522.2366,3522.2366,1743320
2022-06-02,3522.2366,3533.2504,3475.4034,3485.0088,3485.0088,2072167
2022-06-03,3485.0088,3582.0454,3473.5154,3577.3338,3577.3338,1864800
2022-06-06,3577.3338,3587.1395,3472.3116,3473.5425,3473.5425,2166796
2022-06-07,3473.5425,3490.9811,3471.7858,3484.707,3484.707,1952254
2022-06-08,3484.707,3552.5435,3477.9479,3552.4519,3552.4519,1677708
2022-06-09,3552.4519,3563.1669,3539.3826,3546.3203,3546.3203,1060934
2022-06-10,3546.3203,3662.8546,3542.5276,3652.9785,3652.9785,1487010
2022-06-13,3652.9785,3708.2613,3632.555,3693.0662,3693.0662,2217842
2022-06-14,3693.0662,3715.4402,3687.2043,3704.095,3704.095,2353231
2022-06-15,3704.095,3720.6081,3692.9574,3719.8485,3719.8485,1224693
2022-06-16,3719.8485,3768.9369,3716.825,3752.1074,3752.1074,2663564
2022-06-17,3752.1074,3796.1212,3734.8235,3787.5734,3787.5734,2608677
2022-06-20,3787.5734,3850.5933,3767.4444,3832.3494,3832.3494,2327007
2022-06-21,3832.3494,3855.7706,3774.3572,3792.6086,3792.6086,1514370
2022-06-22,3792.6086,3819.3684,3783.7374,3816.8348,3816.8348,2221626
2022-06-23,3816.8348,3842.3548,3793.8035,3834.4745,3834.4745,2386745
2022-06-24,3834.4745,3835.2324,3793.0946,3800.2392,3800.2392,1689402
2022-06-27,3800.2392,3846.8498,3767.5209,3827.886,3827.886,2166510
2022-06-28,3827.886,3830.761,3767.5568,3784.8676,3784.8676,1692417
2022-06-29,3784.8676,3811.747,3774.3948,3783.7399,3783.7399,1868986
2022-06-30,3783.7399,3842.2864,3766.3684,3829.8964,3829.8964,1792846
2022-07-01,3829.8964,3839.5138,3821.2727,3837.8059,3837.8059,1793581
2022-07-04,3837.8059,3854.7565,3753.9836,3778.5979,3778.5979,1022998
2022-07-05,3778.5979,3790.4788,3767.7395,3779.7438,3779.7438,1875339
2022-07-06,3779.7438,3851.232,3752.4634,3828.3363,3828.3363,1846416
2022-07-07,3828.3363,3898.3531,3824.595,3892.6045,3892.6045,2180846
2022-07-08,3892.6045,3905.1627,3856.0821,3868.94,3868.94,2730932
2022-07-11,3868.94,3887.3699,3841.101,3849.4132,3849.4132,2062783
2022-07-12,3849.4132,3920.4175,3846.7524,3902.7206,3902.7206,1688676
2022-07-13,3902.7206,3979.9341,3892.5026,3949.1878,3949.1878,1486058
2022-07-14,3949.1878,3969.5808,3913.2444,3916.0228,3916.0228,2045924
2022-07-15,3916.0228,4030.3722,3901.5969,4026.3052,4026.3052,1988591
2022-07-18,4026.3052,4039.4375,4018.0745,4034.0404,4034.0404,1784782
2022-07-19,4034.0404,4066.1287,4033.2551,4051.9961,4051.9961,1470203
2022-07-20,4051.9961,4057.302,4041.2069,4055.727,4055.727,1880890
2022-07-21,4055.727,4121.7374,4050.9256,4106.0664,4106.0664,2056535
2022-07-22,4106.0664,4112.0605,4038.3374,4039.73,4039.73,1104887
2022-07-25,4039.73,4050.3982,4011.9587,4023.8522,4023.8522,1596901
2022-07-26,4023.8522,4039.521,3992.4588,4003.8986,4003.8986,2495750
2022-07-27,4003.8986,4047.2636,3961.1227,3973.3539,3973.3539,2076340
2022-07-28,3973.3539,3976.0806,3887.5273,3922.0493,3922.0493,1935313
2022-07-29,3922.0493,3929.8855,3877.3801,3883.6574,3883.6574,2289378
2022-08-01,3883.6574,3913.6261,3857.3492,3872.1342,3872.1342,1212425
2022-08-02,3872.1342,3962.2822,3870.5597,3956.3534,3956.3534,2475693
2022-08-03,3956.3534,3957.3342,3942.5022,3948.285,3948.285,1788160
2022-08-04,3948.285,4024.177,3921.4095,4014.1328,4014.1328,1987656
2022-08-05,4014.1328,4038.8966,3984.8149,4023.2812,4023.2812,2323792
2022-08-08,4023.2812,4078.7741,4012.2974,4072.2696,4072.2696,2212140
2022-08-09,4072.2696,4129.988,4023.3651,4122.0722,4122.0722,2539142
2022-08-10,4122.0722,4126.6913,4059.2312,4060.649,4060.649,1217478
2022-08-11,4060.649,4095.745,3983.3883,3991.1893,3991.1893,2209522
2022-08-12,3991.1893,4048.8579,3967.5198,4027.2445,4027.2445,2673835
2022-08-15,4027.2445,4034.4816,3990.3547,4018.4162,4018.4162,1787707
2022-08-16,4018.4162,4076.4464,4008.7625,4062.7118,4062.7118,2080045
2022-08-17,4062.7118,4072.6155,4045.2525,4067.7472,4067.7472,2101401
2022-08-18,4067.7472,4106.3258,4038.8736,4052.3236,4052.3236,2299459
2022-08-19,4052.3236,4070.835,4028.9975,4056.8576,4056.8576,1098747
2022-08-22,4056.8576,4070.5495,3997.1794,3998.2133,3998.2133,2162170
2022-08-23,3998.2133,4099.0473,3996.2471,4074.9221,4074.9221,1667702
2022-08-24,4074.9221,4115.0058,4055.9223,4099.6753,4099.6753,2156456
2022-08-25,4099.6753,4122.626,3981.8489,4015.2466,4015.2466,2297340
2022-08-26,4015.2466,4049.8753,3976.2318,4037.2054,4037.2054,1844234
2022-08-29,4037.2054,4065.014,3937.5589,3952.1884,3952.1884,2610282
2022-08-30,3952.1884,3966.4126,3923.9249,3964.5983,3964.5983,1663059
2022-08-31,3964.5983,3993.5291,3951.2976,3958.5074,3958.5074,3033143
2022-09-01,3958.5074,4040.1054,3956.3652,4027.5394,4027.5394,2507458
2022-09-02,4027.5394,4032.5235,3976.9363,4001.0804,4001.0804,1599523
2022-09-05,4001.0804,4102.83,3998.2902,4084.8632,4084.8632,2573281
2022-09-06,4084.8632,4096.9698,3988.8381,4008.0008,4008.0008,2618257
2022-09-07,4008.0008,4087.8769,3991.2267,4082.1574,4082.1574,2391884
2022-09-08,4082.1574,4084.9573,3907.2649,3913.4861,3913.4861,1736035
2022-09-09,3913.4861,3958.9795,3896.0004,3958.0821,3958.0821,2374584
2022-09-12,3958.0821,3985.0777,3950.7791,3983.4765,3983.4765,1523411
2022-09-13,3983.4765,4073.0749,3977.9757,4056.2408,4056.2408,2492287
2022-09-14,4056.2408,4080.4889,3982.6314,3984.6438,3984.6438,1722665
2022-09-15,3984.6438,3987.9654,3958.8734,3970.2295,3970.2295,2079220
2022-09-16,3970.2295,4068.9308,3961.4154,4061.5694,4061.5694,2240794
2022-09-19,4061.5694,4065.0677,4022.824,4059.9974,4059.9974,2263600
2022-09-20,4059.9974,4065.7094,4020.2039,4047.8492,4047.8492,2124632
2022-09-21,4047.8492,4109.3901,4047.5062,4100.1573,4100.1573,1257122
2022-09-22,4100.1573,4112.5011,4040.7142,4057.4375,4057.4375,2344260
2022-09-23,4057.4375,4072.0495,4050.5727,4061.0025,4061.0025,2766324
2022-09-26,4061.0025,4066.3444,3981.7905,3987.0087,3987.0087,2018596
2022-09-27,3987.0087,3990.5032,3936.0989,3944.2685,3944.2685,1655576
2022-09-28,3944.2685,3998.1428,3926.5029,3976.0559,3976.0559,1716056
2022-09-29,3976.0559,4002.7866,3972.2646,3974.4748,3974.4748,1994558
2022-09-30,3974.4748,4027.4116,3954.64,4023.216,4023.216,2159313
2022-10-03,4023.216,4082.883,4002.0662,4071.2674,4071.2674,2607072
2022-10-04,4071.2674,4095.1579,4026.7907,4038.0873,4038.0873,3499059
2022-10-05,4038.0873,4041.0011,3999.0144,4011.5282,4011.5282,1699342
2022-10-06,4011.5282,4084.1035,4001.052,4078.7945,4078.7945,2377025
2022-10-07,4078.7945,4110.4661,4061.5781,4104.3578,4104.3578,2449540
2022-10-10,4104.3578,4121.8146,4021.4909,4041.8829,4041.8829,1808651
2022-10-11,4041.8829,4049.874,4018.7092,4019.1918,4019.1918,1880174
2022-10-12,4019.1918,4043.5196,3994.5854,4032.6271,4032.6271,1891840
2022-10-13,4032.6271,4072.8771,4020.2241,4058.4689,4058.4689,2384117
2022-10-14,4058.4689,4084.1051,4030.0271,4040.248,4040.248,1672873
2022-10-17,4040.248,4047.5007,4018.8441,4020.4821,4020.4821,2224751
2022-10-18,4020.4821,4030.7795,3998.9701,4019.6453,4019.6453,2219192
2022-10-19,4019.6453,4117.0889,4001.3364,4096.462,4096.462,1946282
2022-10-20,4096.462,4104.2543,4056.1626,4062.0374,4062.0374,1701144
2022-10-21,4062.0374,4072.1681,4000.7319,4015.6851,4015.6851,1764497
2022-10-24,4015.6851,4016.6541,3929.0367,3941.289,3941.289,1476141
2022-10-25,3941.289,3973.574,3940.5851,3954.8908,3954.8908,2011032
2022-10-26,3954.8908,3988.1556,3952.1537,3983.3128,3983.3128,2037702
2022-10-27,3983.3128,3993.5221,3971.0827,3982.1429,3982.1429,2577193
2022-10-28,3982.1429,4030.405,3979.2103,4027.4556,4027.4556,2358684
2022-10-31,4027.4556,4056.7774,3994.4962,4000.3862,4000.3862,1687084
2022-11-01,4000.3862,4020.3647,3988.9408,4005.0303,4005.0303,1954490
2022-11-02,4005.0303,4026.9618,3956.9102,3971.2565,3971.2565,3053121
2022-11-03,3971.2565,3972.5994,3945.2338,3946.4263,3946.4263,2490036
2022-11-04,3946.4263,4042.3001,3946.063,4023.1394,4023.1394,1333291
2022-11-07,4023.1394,4042.8118,3974.1816,3990.9627,3990.9627,2521379
2022-11-08,3990.9627,4041.1656,3986.316,4034.0918,4034.0918,2032189
2022-11-09,4034.0918,4067.0699,4010.3798,4048.2761,4048.2761,1816566
2022-11-10,4048.2761,4053.7353,4035.2151,4046.0432,4046.0432,2247995
2022-11-11,4046.0432,4200.0759,4011.0083,4189.5742,4189.5742,2260228
2022-11-14,4189.5742,4210.5926,4182.4935,4192.2886,4192.2886,1676917
2022-11-15,4192.2886,4215.2601,4191.9321,4210.4353,4210.4353,1354104
2022-11-16,4210.4353,4217.084,4144.3744,4159.3527,4159.3527,2780929
2022-11-17,4159.3527,4172.0208,4093.3296,4109.2612,4109.2612,1528432
2022-11-18,4109.2612,4138.4596,4029.41,4048.6154,4048.6154,1968156
2022-11-21,4048.6154,4104.9405,4043.3607,4067.0655,4067.0655,2385689
2022-11-22,4067.0655,4095.1224,4062.1376,4086.3695,4086.3695,1597282
2022-11-23,4086.3695,4110.3712,4085.0715,4091.2748,4091.2748,1827343
2022-11-24,4091.2748,4124.5493,4081.1991,4120.3001,4120.3001,2124571
2022-11-25,4120.3001,4129.6666,4115.2982,4129.3765,4129.3765,2375954
2022-11-28,4129.3765,4129.5114,4087.9239,4091.9672,4091.9672,1728551
2022-11-29,4091.9672,4102.1588,4076.0619,4089.0091,4089.0091,2106089
2022-11-30,4089.0091,4158.1894,4081.7122,4132.0554,4132.0554,1514663
2022-12-01,4132.0554,4157.6424,4106.5752,4153.4308,4153.4308,1280722
2022-12-02,4153.4308,4154.4674,4071.0092,4075.8615,4075.8615,2011918
2022-12-05,4075.8615,4082.9184,3976.8953,3996.4534,3996.4534,2676265
2022-12-06,3996.4534,4020.7458,3958.6808,4017.1683,4017.1683,2407509
2022-12-07,4017.1683,4021.2407,4004.3101,4009.401,4009.401,2296907
2022-12-08,4009.401,4043.1938,3989.2654,4019.6285,4019.6285,2284093
2022-12-09,4019.6285,4065.9037,3992.7994,4042.4995,4042.4995,2264663
2022-12-12,4042.4995,4069.0702,4030.4084,4052.9859,4052.9859,2058328
2022-12-13,4052.9859,4078.4283,4051.6174,4058.5685,4058.5685,2228626
2022-12-14,4058.5685,4082.5628,4050.4179,4056.3701,4056.3701,2396232
2022-12-15,4056.3701,4080.1079,3977.0868,4018.9748,4018.9748,1895296
2022-12-16,4018.9748,4062.4952,4014.3096,4058.2106,4058.2106,2384622
2022-12-19,4058.2106,4153.367,4031.8457,4138.9887,4138.9887,1749768
2022-12-20,4138.9887,4166.3702,4116.3936,4163.1371,4163.1371,3018804
2022-12-21,4163.1371,4211.168,4129.0707,4180.3155,4180.3155,1537952
2022-12-22,4180.3155,4218.0218,4177.124,4206.5988,4206.5988,1681895
2022-12-23,4206.5988,4218.4916,4199.2928,4213.5359,4213.5359,1678797
2022-12-26,4213.5359,4246.3216,4178.1193,4207.503,4207.503,2155423
2022-12-27,4207.503,4209.336,4166.146,4177.9893,4177.9893,1373711
2022-12-28,4177.9893,4222.2993,4176.3046,4190.6008,4190.6008,2191260
2022-12-29,4190.6008,4192.0981,4078.6251,4096.8424,4096.8424,2651750
2022-12-30,4096.8424,4148.7962,4094.5933,4140.5514,4140.5514,1913648
2023-01-02,4140.5514,4159.2852,4080.6122,4082.6543,4082.6543,2571030
2023-01-03,4082.6543,4142.9413,4079.0058,4132.8514,4132.8514,1747607
2023-01-04,4132.8514,4140.2699,4113.2621,4126.175,4126.175,2009503
2023-01-05,4126.175,4150.1851,4091.9216,4120.9433,4120.9433,1595806
2023-01-06,4120.9433,4163.2702,4051.5379,4063.7169,4063.7169,2020876
2023-01-09,4063.7169,4104.3246,4036.1774,4095.7836,4095.7836,2229734
2023-01-10,4095.7836,4152.5253,4089.1605,4142.5761,4142.5761,2164758
2023-01-11,4142.5761,4183.2981,4135.2733,4166.7932,4166.7932,2128990
2023-01-12,4166.7932,4184.1978,4110.7582,4111.3729,4111.3729,2829661
2023-01-13,4111.3729,4133.5154,4104.1752,4110.532,4110.532,2715241
2023-01-16,4110.532,4127.3836,4107.0577,4118.9428,4118.9428,1926736
2023-01-17,4118.9428,4170.8728,4111.816,4145.3623,4145.3623,2608366
2023-01-18,4145.3623,4183.0421,4127.0007,4165.5104,4165.5104,1641925
2023-01-19,4165.5104,4239.9221,4148.1845,4222.5224,4222.5224,2306306
2023-01-20,4222.5224,4284.0624,4209.2932,4265.7049,4265.7049,1385601
2023-01-23,4265.7049,4332.2888,4260.5848,4328.8109,4328.8109,1491101
2023-01-24,4328.8109,4384.7247,4327.2517,4383.5807,4383.5807,2465959
2023-01-25,4383.5807,4445.6472,4348.617,4440.619,4440.619,1683427
2023-01-26,4440.619,4466.425,4430.5675,4464.5417,4464.5417,1853019
2023-01-27,4464.5417,4469.3305,4405.039,4412.0632,4412.0632,1659452
2023-01-30,4412.0632,4418.5865,4334.4118,4351.2956,4351.2956,2180241
2023-01-31,4351.2956,4377.4855,4338.1269,4362.2635,4362.2635,2229086
2023-02-01,4362.2635,4420.1825,4352.7595,4409.1996,4409.1996,2506405
2023-02-02,4409.1996,4443.1043,4350.3049,4367.1012,4367.1012,2516365
2023-02-03,4367.1012,4452.6536,4337.778,4446.7041,4446.7041,1899267
2023-02-06,4446.7041,4512.7679,4444.7375,4486.6189,4486.6189,3332106
2023-02-07,4486.6189,4551.9404,4479.2197,4544.3023,4544.3023,2166472
2023-02-08,4544.3023,4565.836,4505.4447,4519.7788,4519.7788,1721482
2023-02-09,4519.7788,4541.1258,4404.1541,4418.7521,4418.7521,2177991
2023-02-10,4418.7521,4490.7583,4393.122,4478.6117,4478.6117,1986876
2023-02-13,4478.6117,4588.2276,4465.6293,4561.6129,4561.6129,2078567
2023-02-14,4561.6129,4751.8,4516.763,4749.5326,4749.5326,1983990
2023-02-15,4749.5326,4907.549,4719.3858,4897.1577,4897.1577,2205592
2023-02-16,4897.1577,4927.6882,4869.4591,4878.1689,4878.1689,1193512
2023-02-17,4878.1689,4943.5785,4870.1429,4920.8135,4920.8135,1466150
2023-02-20,4920.8135,4929.7988,4867.9618,4879.5085,4879.5085,1462178
2023-02-21,4879.5085,4921.9534,4876.8058,4914.7831,4914.7831,1977600
2023-02-22,4914.7831,4924.0553,4898.717,4900.9471,4900.9471,1951356
2023-02-23,4900.9471,4912.6994,4896.2803,4900.9478,4900.9478,1645190
2023-02-24,4900.9478,4973.9655,4900.4221,4960.958,4960.958,1722940
2023-02-27,4960.958,4965.9717,4915.9185,4954.8469,4954.8469,2004062
2023-02-28,4954.8469,4970.5789,4927.14,4943.8344,4943.8344,1646108
2023-03-01,4943.8344,5004.7493,4935.5425,4983.0082,4983.0082,1874813
2023-03-02,4983.0082,4993.7568,4930.2377,4937.2333,4937.2333,2130877
2023-03-03,4937.2333,4951.6866,4892.104,4896.9971,4896.9971,1837609
2023-03-06,4896.9971,4922.4449,4881.5637,4883.6628,4883.6628,2015431
2023-03-07,4883.6628,4941.657,4878.6379,4934.2103,4934.2103,1641944
2023-03-08,4934.2103,5029.9717,4927.3005,4999.5212,4999.5212,1981609
2023-03-09,4999.5212,5152.8667,4985.1114,5148.3496,5148.3496,1778611
2023-03-10,5148.3496,5149.14,5050.9546,5074.5357,5074.5357,2952755
2023-03-13,5074.5357,5138.3106,5058.9217,5117.0677,5117.0677,1546688
2023-03-14,5117.0677,5142.1639,5097.1834,5133.281,5133.281,1538814
2023-03-15,5133.281,5136.0746,5091.3447,5110.6281,5110.6281,2194721
2023-03-16,5110.6281,5175.7462,5109.5951,5162.9954,5162.9954,2014287
2023-03-17,5162.9954,5180.2885,5039.9218,5072.2804,5072.2804,1846737
2023-03-20,5072.2804,5157.0611,5043.9516,5119.7262,5119.7262,2312243
2023-03-21,5119.7262,5165.7069,5097.9923,5150.7586,5150.7586,1836376
2023-03-22,5150.7586,5151.0774,5128.3983,5129.5978,5129.5978,1996301
2023-03-23,5129.5978,5156.8257,5088.2424,5143.6897,5143.6897,2491755
2023-03-24,5143.6897,5174.7961,5100.789,5141.1174,5141.1174,1805075
2023-03-27,5141.1174,5177.3594,5091.6681,5115.0145,5115.0145,1371451
2023-03-28,5115.0145,5129.1782,5101.8011,5106.6246,5106.6246,2168152
2023-03-29,5106.6246,5181.9406,5081.4467,5176.5477,5176.5477,1996251
2023-03-30,5176.5477,5185.4345,5161.2642,5164.4439,5164.4439,2193146
2023-03-31,5164.4439,5333.351,5153.4059,5289.6788,5289.6788,1156303
2023-04-03,5289.6788,5315.4422,5198.7837,5215.7735,5215.7735,2453631
2023-04-04,5215.7735,5230.6483,5169.1573,5201.3666,5201.3666,1847788
2023-04-05,5201.3666,5203.8616,5156.401,5181.9759,5181.9759,2038687
2023-04-06,5181.9759,5219.637,5174.0427,5186.1953,5186.1953,2318834
2023-04-07,5186.1953,5270.0977,5158.0263,5243.0128,5243.0128,2430025
2023-04-10,5243.0128,5245.6173,5161.2278,5196.2982,5196.2982,2260274
2023-04-11,5196.2982,5247.8869,5193.6351,5201.8391,5201.8391,2299290
2023-04-12,5201.8391,5228.0168,5113.8734,5130.118,5130.118,2176166
2023-04-13,5130.118,5158.6193,5047.1129,5073.2025,5073.2025,2368573
2023-04-14,5073.2025,5085.8177,5010.9156,5013.4671,5013.4671,2848049
2023-04-17,5013.4671,5046.6808,5010.763,5021.8041,5021.8041,2159066
2023-04-18,5021.8041,5031.9791,4897.7165,4904.3852,4904.3852,2144366
2023-04-19,4904.3852,4976.7135,4864.2982,4969.9126,4969.9126,2159263
2023-04-20,4969.9126,4998.1295,4947.1301,4973.3276,4973.3276,1208073
2023-04-21,4973.3276,4975.5121,4952.2305,4954.1491,4954.1491,1835130
2023-04-24,4954.1491,4966.6845,4918.3914,4940.7181,4940.7181,1482982
2023-04-25,4940.7181,4947.9253,4894.0868,4903.7899,4903.7899,2933679
2023-04-26,4903.7899,4979.909,4879.1429,4906.8083,4906.8083,1884713
2023-04-27,4906.8083,4966.7489,4894.4687,4958.1584,4958.1584,2653748
2023-04-28,4958.1584,4965.5869,4907.4607,4925.8964,4925.8964,2152658
2023-05-01,4925.8964,5022.5151,4909.4891,5004.1451,5004.1451,1201786
2023-05-02,5004.1451,5039.298,4948.3467,5031.7382,5031.7382,2151077
2023-05-03,5031.7382,5050.1816,4984.2438,5019.0386,5019.0386,2143503
2023-05-04,5019.0386,5027.0171,5000.1076,5006.5853,5006.5853,1758454
2023-05-05,5006.5853,5013.2196,4936.7853,4960.4036,4960.4036,2295881
2023-05-08,4960.4036,4978.301,4920.8988,4922.9237,4922.9237,2403271
2023-05-09,4922.9237,5010.1484,4916.7884,4989.2063,4989.2063,2108735
2023-05-10,4989.2063,5018.6415,4931.5673,4946.224,4946.224,2519434
2023-05-11,4946.224,5080.7489,4940.7771,5049.1034,5049.1034,1942734
2023-05-12,5049.1034,5129.3486,5039.1681,5128.054,5128.054,2701411
2023-05-15,5128.054,5215.4698,5120.6744,5177.7336,5177.7336,2274174
2023-05-16,5177.7336,5188.1949,5071.3188,5085.4276,5085.4276,1807217
2023-05-17,5085.4276,5110.2691,4959.6676,4988.5735,4988.5735,1090169
2023-05-18,4988.5735,4992.1254,4960.8702,4975.9379,4975.9379,2146185
2023-05-19,4975.9379,4987.1794,4929.6288,4953.2078,4953.2078,2271229
2023-05-22,4953.2078,4961.1139,4873.333,4910.2122,4910.2122,2085323
2023-05-23,4910.2122,4959.6567,4874.7978,4894.5967,4894.5967,1187528
2023-05-24,4894.5967,4897.0372,4765.2598,4772.9484,4772.9484,1484570
2023-05-25,4772.9484,4790.767,4709.0263,4735.0773,4735.0773,2093345
2023-05-26,4735.0773,4749.0603,4693.2623,4696.4246,4696.4246,1905442
2023-05-29,4696.4246,4727.3179,4679.5212,4681.2686,4681.2686,2090426
2023-05-30,4681.2686,4709.6686,4635.0896,4654.1574,4654.1574,1494962
2023-05-31,4654.1574,4677.875,4645.3795,4654.4765,4654.4765,1741171
2023-06-01,4654.4765,4668.876,4639.0557,4640.8491,4640.8491,1949396
2023-06-02,4640.8491,4662.8252,4551.7114,4569.1571,4569.1571,2108157
2023-06-05,4569.1571,4590.5056,4556.3762,4582.3555,4582.3555,1801453
2023-06-06,4582.3555,4627.0973,4478.7681,4504.685,4504.685,1852301
2023-06-07,4504.685,4528.0985,4378.1821,4385.5285,4385.5285,1938565
2023-06-08,4385.5285,4429.3774,4381.0103,4408.6244,4408.6244,1935048
2023-06-09,4408.6244,4463.6647,4406.803,4457.9724,4457.9724,2035472
2023-06-12,4457.9724,4514.8238,4449.8197,4496.8788,4496.8788,2234045
2023-06-13,4496.8788,4577.0117,4484.9863,4569.9166,4569.9166,1381859
2023-06-14,4569.9166,4639.2701,4567.6037,4620.4515,4620.4515,1586653
2023-06-15,4620.4515,4633.4847,4535.4641,4537.1821,4537.1821,1218009
2023-06-16,4537.1821,4610.7507,4533.3297,4590.9551,4590.9551,2055035
2023-06-19,4590.9551,4592.0852,4513.2227,4544.8403,4544.8403,2091267
2023-06-20,4544.8403,4553.1169,4470.9126,4492.6366,4492.6366,1977871
2023-06-21,4492.6366,4493.9849,4450.0565,4451.1523,4451.1523,2155844
2023-06-22,4451.1523,4609.3313,4450.3049,4588.1708,4588.1708,2277887
2023-06-23,4588.1708,4632.9333,4580.285,4609.5103,4609.5103,2097129
2023-06-26,4609.5103,4610.5518,4581.1616,4592.0594,4592.0594,2089131
2023-06-27,4592.0594,4600.4077,4521.1637,4538.1283,4538.1283,2283730
2023-06-28,4538.1283,4595.1066,4510.8883,4593.4747,4593.4747,1928263
2023-06-29,4593.4747,4606.0177,4555.6666,4564.71,4564.71,1487168
2023-06-30,4564.71,4581.3199,4497.2985,4524.4338,4524.4338,1954823
2023-07-03,4524.4338,4596.2677,4522.4324,4588.1902,4588.1902,2156225
2023-07-04,4588.1902,4654.9578,4571.5274,4647.4647,4647.4647,1657914
2023-07-05,4647.4647,4734.2783,4630.0734,4733.3217,4733.3217,1925941
2023-07-06,4733.3217,4827.29,4719.7247,4824.8251,4824.8251,2106555
2023-07-07,4824.8251,4908.3419,4800.283,4902.8702,4902.8702,3013403
2023-07-10,4902.8702,4907.7016,4872.1522,4899.3741,4899.3741,1526385
2023-07-11,4899.3741,4908.9243,4767.0043,4772.1209,4772.1209,1808568
2023-07-12,4772.1209,4812.393,4746.6941,4772.6065,4772.6065,1901669
2023-07-13,4772.6065,4789.0696,4677.8951,4697.2,4697.2,2336386
2023-07-14,4697.2,4703.2133,4666.515,4681.1239,4681.1239,1920094
2023-07-17,4681.1239,4685.0402,4633.3261,4638.9011,4638.9011,1715386
2023-07-18,4638.9011,4674.2305,4636.9039,4659.6826,4659.6826,2361471
2023-07-19,4659.6826,4685.3037,4558.5272,4560.7899,4560.7899,1944979
2023-07-20,4560.7899,4591.4523,4556.3151,4585.196,4585.196,2600074
2023-07-21,4585.196,4610.1987,4536.2794,4563.0529,4563.0529,2197064
2023-07-24,4563.0529,4583.9942,4438.2773,4444.4871,4444.4871,1759997
2023-07-25,4444.4871,4445.6029,4343.1289,4358.7365,4358.7365,1592928
2023-07-26,4358.7365,4375.667,4346.0443,4346.4138,4346.4138,2564187
2023-07-27,4346.4138,4354.6677,4342.0679,4343.0769,4343.0769,2023964
2023-07-28,4343.0769,4356.7736,4284.9009,4307.291,4307.291,2210294
2023-07-31,4307.291,4313.7846,4292.3625,4302.2556,4302.2556,2313583
2023-08-01,4302.2556,4306.4987,4219.8586,4249.0156,4249.0156,1374448
2023-08-02,4249.0156,4253.3016,4198.0134,4198.9112,4198.9112,1482356
2023-08-03,4198.9112,4233.1464,4193.6572,4194.7568,4194.7568,2454394
2023-08-04,4194.7568,4203.9509,4060.0226,4082.7536,4082.7536,1811970
2023-08-07,4082.7536,4102.138,3995.9711,4007.7514,4007.7514,2379594
2023-08-08,4007.7514,4011.9221,3929.2313,3938.1323,3938.1323,2550782
2023-08-09,3938.1323,3941.9697,3869.0815,3880.7969,3880.7969,2041444
2023-08-10,3880.7969,3901.9683,3773.9913,3780.8476,3780.8476,1966040
2023-08-11,3780.8476,3795.3607,3686.2976,3697.2298,3697.2298,2311314
2023-08-14,3697.2298,3698.7221,3627.0611,3649.6336,3649.6336,1768151
2023-08-15,3649.6336,3664.6675,3524.7209,3531.8417,3531.8417,2389049
2023-08-16,3531.8417,3556.3199,3490.4567,3493.3172,3493.3172,2594256
2023-08-17,3493.3172,3498.1598,3389.8791,3402.9884,3402.9884,2936801
2023-08-18,3402.9884,3405.7425,3344.2804,3344.6991,3344.6991,1695049
2023-08-21,3344.6991,3350.7578,3279.4515,3304.3268,3304.3268,1672564
2023-08-22,3304.3268,3309.8483,3249.4216,3259.7966,3259.7966,1925754
2023-08-23,3259.7966,3313.4148,3254.7927,3302.5714,3302.5714,2254142
2023-08-24,3302.5714,3314.5906,3184.3456,3192.7568,3192.7568,2096840
2023-08-25,3192.7568,3194.7421,3124.939,3131.5654,3131.5654,888936
2023-08-28,3131.5654,3168.0004,3131.5498,3158.6369,3158.6369,2684553
2023-08-29,3158.6369,3175.5675,3053.5791,3057.354,3057.354,1537562
2023-08-30,3057.354,3074.9686,3019.2906,3027.3198,3027.3198,2658019
2023-08-31,3027.3198,3033.8434,2970.3292,2979.8407,2979.8407,1458343
2023-09-01,2979.8407,2987.0524,2898.8681,2899.8049,2899.8049,2127022
2023-09-04,2899.8049,2900.2818,2789.9921,2798.3183,2798.3183,2241735
2023-09-05,2798.3183,2808.8337,2787.1836,2787.7108,2787.7108,1850601
2023-09-06,2787.7108,2798.5941,2756.2301,2758.6649,2758.6649,1851684
2023-09-07,2758.6649,2767.453,2721.764,2732.8569,2732.8569,1822485
2023-09-08,2732.8569,2744.8746,2727.5871,2744.0397,2744.0397,1468624
2023-09-11,2744.0397,2750.4988,2654.4469,2657.9618,2657.9618,2130660
2023-09-12,2657.9618,2671.5219,2609.5256,2614.1257,2614.1257,2087174
2023-09-13,2614.1257,2622.3675,2562.1506,2571.9575,2571.9575,2010402
2023-09-14,2571.9575,2578.4647,2529.5031,2535.065,2535.065,2344965
2023-09-15,2535.065,2544.6333,2510.0988,2525.136,2525.136,2527253
2023-09-18,2525.136,2534.4993,2518.5969,2520.8333,2520.8333,1641808
2023-09-19,2520.8333,2525.7861,2512.102,2513.1334,2513.1334,2086786
2023-09-20,2513.1334,2517.383,2468.7546,2478.6206,2478.6206,2183917
2023-09-21,2478.6206,2494.1466,2394.2301,2405.5439,2405.5439,1601248
2023-09-22,2405.5439,2426.6884,2361.0929,2371.8049,2371.8049,2075744
2023-09-25,2371.8049,2374.7562,2350.3781,2364.0545,2364.0545,2565315
2023-09-26,2364.0545,2376.1935,2358.9836,2374.3197,2374.3197,2249331
2023-09-27,2374.3197,2387.4702,2371.0747,2381.7835,2381.7835,1631691
2023-09-28,2381.7835,2402.4596,2365.5938,2390.805,2390.805,1764336
2023-09-29,2390.805,2399.6106,2384.9344,2390.0637,2390.0637,1635050
2023-10-02,2390.0637,2408.6694,2339.1739,2344.8052,2344.8052,2438226
2023-10-03,2344.8052,2383.0891,2342.454,2379.7789,2379.7789,1267091
2023-10-04,2379.7789,2417.3813,2377.5274,2408.8069,2408.8069,1709715
2023-10-05,2408.8069,2429.702,2405.5997,2414.4647,2414.4647,2253626
2023-10-06,2414.4647,2430.6141,2408.7395,2427.8567,2427.8567,1622734
2023-10-09,2427.8567,2428.6623,2411.4182,2419.3483,2419.3483,1773995
2023-10-10,2419.3483,2471.8467,2404.6067,2461.0795,2461.0795,1221979
2023-10-11,2461.0795,2468.8187,2439.8414,2440.8914,2440.8914,1322141
2023-10-12,2440.8914,2471.9024,2431.7736,2456.5526,2456.5526,1916641
2023-10-13,2456.5526,2456.5661,2424.1865,2430.2149,2430.2149,2077035
2023-10-16,2430.2149,2459.5457,2417.0938,2453.2947,2453.2947,1697372
2023-10-17,2453.2947,2455.2726,2432.986,2445.57,2445.57,2230764
2023-10-18,2445.57,2446.7024,2429.5809,2432.0948,2432.0948,1914926
2023-10-19,2432.0948,2504.0828,2430.5238,2488.9572,2488.9572,2093506
2023-10-20,2488.9572,2510.5502,2486.6558,2509.7464,2509.7464,2166829
2023-10-23,2509.7464,2600.4753,2500.0295,2599.0483,2599.0483,2099091
2023-10-24,2599.0483,2632.3774,2594.4281,2626.1624,2626.1624,2310086
2023-10-25,2626.1624,2676.9343,2620.9268,2663.9634,2663.9634,2466755
2023-10-26,2663.9634,2705.7321,2659.0194,2696.945,2696.945,2198164
2023-10-27,2696.945,2711.5629,2670.0767,2683.3348,2683.3348,1617377
2023-10-30,2683.3348,2688.0544,2647.2537,2650.8337,2650.8337,1725741
2023-10-31,2650.8337,2707.0656,2650.0258,2694.4006,2694.4006,2922317
2023-11-01,2694.4006,2696.3278,2653.0992,2655.8106,2655.8106,2263995
2023-11-02,2655.8106,2660.6286,2630.6126,2644.9633,2644.9633,2534717
2023-11-03,2644.9633,2723.7307,2637.5609,2722.4425,2722.4425,2219556
2023-11-06,2722.4425,2729.2389,2638.9106,2645.7746,2645.7746,2319117
2023-11-07,2645.7746,2651.7721,2618.8317,2638.52,2638.52,1255153
2023-11-08,2638.52,2696.3407,2626.0318,2686.4261,2686.4261,2193653
2023-11-09,2686.4261,2746.8027,2677.7234,2733.2025,2733.2025,1838503
2023-11-10,2733.2025,2833.4367,2727.6348,2808.4376,2808.4376,2743010
2023-11-13,2808.4376,2825.286,2753.2844,2760.5684,2760.5684,1909751
2023-11-14,2760.5684,2764.0808,2692.352,2710.8321,2710.8321,1896906
2023-11-15,2710.8321,2740.9293,2703.3224,2738.4263,2738.4263,2137414
2023-11-16,2738.4263,2754.4783,2729.2777,2747.9708,2747.9708,1639381
2023-11-17,2747.9708,2748.4432,2703.1777,2703.4242,2703.4242,1673367
2023-11-20,2703.4242,2742.1124,2699.0405,2738.0494,2738.0494,1605066
2023-11-21,2738.0494,2765.7229,2728.1929,2755.6784,2755.6784,1426078
2023-11-22,2755.6784,2778.9706,2706.1681,2724.244,2724.244,1686255
2023-11-23,2724.244,2752.7832,2708.5155,2745.1591,2745.1591,2515162
2023-11-24,2745.1591,2756.9557,2726.6013,2729.3815,2729.3815,2314546
2023-11-27,2729.3815,2751.7949,2715.0114,2734.1369,2734.1369,1950217
2023-11-28,2734.1369,2769.1462,2731.2951,2764.7265,2764.7265,2487860
2023-11-29,2764.7265,2802.2434,2758.8048,2795.9717,2795.9717,1778067
2023-11-30,2795.9717,2803.0881,2786.243,2793.8123,2793.8123,2567218
2023-12-01,2793.8123,2808.8993,2788.2402,2795.5507,2795.5507,1620385
2023-12-04,2795.5507,2820.9202,2775.7286,2813.6131,2813.6131,2393603
2023-12-05,2813.6131,2822.9563,2780.0278,2808.928,2808.928,1823193
2023-12-06,2808.928,2815.1443,2772.0393,2795.1626,2795.1626,1088978
2023-12-07,2795.1626,2840.9797,2792.3337,2823.5728,2823.5728,2277864
2023-12-08,2823.5728,2839.389,2797.4095,2814.3972,2814.3972,2566888
2023-12-11,2814.3972,2835.3321,2812.1788,2812.6763,2812.6763,1970785
2023-12-12,2812.6763,2817.7356,2781.9193,2784.2699,2784.2699,2594719
2023-12-13,2784.2699,2798.8135,2776.7554,2793.2511,2793.2511,1996641
2023-12-14,2793.2511,2812.9959,2745.7785,2746.1248,2746.1248,1829769
2023-12-15,2746.1248,2752.3158,2738.3828,2751.632,2751.632,2122884
2023-12-18,2751.632,2813.7054,2750.8243,2813.3405,2813.3405,2215993
2023-12-19,2813.3405,2818.6439,2808.8497,2812.6505,2812.6505,2875876
2023-12-20,2812.6505,2822.8506,2797.1762,2811.7049,2811.7049,2175798
2023-12-21,2811.7049,2865.5735,2798.6036,2850.8106,2850.8106,2511551
2023-12-22,2850.8106,2891.487,2849.8751,2876.0778,2876.0778,1745810
2023-12-25,2876.0778,2885.6332,2855.6654,2864.9078,2864.9078,2192760
2023-12-26,2864.9078,2871.6706,2850.1782,2866.7006,2866.7006,1982841
2023-12-27,2866.7006,2883.1983,2816.0439,2833.037,2833.037,2339230
2023-12-28,2833.037,2838.9666,2745.9966,2763.8837,2763.8837,2132072
2023-12-29,2763.8837,2779.5708,2750.6808,2774.3918,2774.3918,1552877
2024-01-01,2774.3918,2781.9009,2733.745,2740.7488,2740.7488,1777534
2024-01-02,2740.7488,2794.5635,2731.0979,2768.9993,2768.9993,2465936
2024-01-03,2768.9993,2784.5153,2721.7214,2727.6235,2727.6235,2598276
2024-01-04,2727.6235,2747.5773,2684.2034,2697.2388,2697.2388,1260910
2024-01-05,2697.2388,2757.0346,2696.2659,2744.2873,2744.2873,1474636
2024-01-08,2744.2873,2755.749,2699.8096,2702.3997,2702.3997,2701417
2024-01-09,2702.3997,2734.9813,2700.125,2731.944,2731.944,1939775
2024-01-10,2731.944,2773.8165,2727.9022,2768.2915,2768.2915,2448506
2024-01-11,2768.2915,2778.5831,2739.028,2753.2589,2753.2589,2309880
2024-01-12,2753.2589,2766.2123,2669.2134,2682.6474,2682.6474,2048919
2024-01-15,2682.6474,2692.5353,2658.5263,2664.8267,2664.8267,1841361
2024-01-16,2664.8267,2697.0442,2657.3307,2685.7417,2685.7417,2618652
2024-01-17,2685.7417,2702.1002,2662.8519,2668.3407,2668.3407,2183172
2024-01-18,2668.3407,2677.1611,2558.0992,2566.6393,2566.6393,1508634
2024-01-19,2566.6393,2576.1245,2539.2308,2542.2668,2542.2668,2219436
2024-01-22,2542.2668,2556.2515,2541.6947,2552.9516,2552.9516,2080136
2024-01-23,2552.9516,2555.943,2525.0078,2528.5825,2528.5825,2006833
2024-01-24,2528.5825,2542.9869,2489.7214,2498.7628,2498.7628,2115643
2024-01-25,2498.7628,2510.2219,2478.2381,2489.5735,2489.5735,2086524
2024-01-26,2489.5735,2497.1192,2477.1092,2484.8736,2484.8736,1779899
2024-01-29,2484.8736,2497.5638,2476.1011,2485.2622,2485.2622,1913185
2024-01-30,2485.2622,2493.8902,2433.2076,2438.2903,2438.2903,1759144
2024-01-31,2438.2903,2485.2973,2431.5549,2474.8192,2474.8192,2128055
2024-02-01,2474.8192,2492.9491,2457.734,2458.9979,2458.9979,2086985
2024-02-02,2458.9979,2501.7415,2442.6272,2484.2017,2484.2017,1999414
2024-02-05,2484.2017,2515.0183,2465.6249,2506.0839,2506.0839,2083182
2024-02-06,2506.0839,2509.1821,2440.944,2457.597,2457.597,1908813
2024-02-07,2457.597,2499.486,2454.4865,2485.554,2485.554,2416509
2024-02-08,2485.554,2505.3446,2483.4688,2489.6238,2489.6238,2686664
2024-02-09,2489.6238,2497.6576,2445.8605,2448.8395,2448.8395,2074804
2024-02-12,2448.8395,2459.45,2435.1799,2440.4428,2440.4428,2446051
2024-02-13,2440.4428,2456.9108,2416.8794,2428.1697,2428.1697,1806858
2024-02-14,2428.1697,2436.1075,2422.3829,2432.8564,2432.8564,1904274
2024-02-15,2432.8564,2460.1263,2414.0161,2438.2761,2438.2761,1831292
2024-02-16,2438.2761,2458.3536,2425.8408,2445.1549,2445.1549,1331408
2024-02-19,2445.1549,2466.7491,2437.8263,2463.2745,2463.2745,1943763
2024-02-20,2463.2745,2485.6942,2452.0072,2485.0336,2485.0336,2444600
2024-02-21,2485.0336,2515.1286,2482.1579,2501.123,2501.123,2445607
2024-02-22,2501.123,2504.2605,2480.1032,2492.0686,2492.0686,2126193
2024-02-23,2492.0686,2507.1884,2478.264,2502.1591,2502.1591,1325969
2024-02-26,2502.1591,2558.6732,2493.5237,2544.1879,2544.1879,1423541
2024-02-27,2544.1879,2549.5978,2480.8866,2491.6196,2491.6196,2804971
2024-02-28,2491.6196,2512.9384,2465.3449,2488.3529,2488.3529,2096814
2024-02-29,2488.3529,2490.1145,2426.482,2433.3181,2433.3181,1922092
2024-03-01,2433.3181,2444.5442,2416.315,2426.208,2426.208,1845560
2024-03-04,2426.208,2457.6154,2422.5441,2451.4538,2451.4538,1939044
2024-03-05,2451.4538,2460.7092,2435.629,2438.5358,2438.5358,2364222
2024-03-06,2438.5358,2441.8501,2398.3575,2404.3589,2404.3589,2743445
2024-03-07,2404.3589,2413.4147,2394.5064,2394.8465,2394.8465,1297190
2024-03-08,2394.8465,2405.7292,2374.1865,2380.6435,2380.6435,2294973
2024-03-11,2380.6435,2440.6043,2378.7295,2433.9478,2433.9478,2347415
2024-03-12,2433.9478,2527.8235,2432.722,2514.8752,2514.8752,2365349
2024-03-13,2514.8752,2522.6238,2495.574,2509.9287,2509.9287,1981150
2024-03-14,2509.9287,2521.4009,2490.0047,2504.1836,2504.1836,2079163
2024-03-15,2504.1836,2533.9261,2503.6414,2531.3088,2531.3088,2175675
2024-03-18,2531.3088,2575.2092,2524.1473,2572.3816,2572.3816,1946909
2024-03-19,2572.3816,2581.5406,2500.0111,2501.8818,2501.8818,1778594
2024-03-20,2501.8818,2548.776,2491.4985,2541.4009,2541.4009,1981968
2024-03-21,2541.4009,2542.2404,2525.3459,2528.7974,2528.7974,1832546
2024-03-22,2528.7974,2553.1985,2513.3146,2545.1105,2545.1105,2285569
2024-03-25,2545.1105,2572.5854,2537.5743,2563.5963,2563.5963,2645826
2024-03-26,2563.5963,2569.5867,2551.9413,2559.0586,2559.0586,2068152
2024-03-27,2559.0586,2563.1084,2558.2854,2560.8487,2560.8487,1563724
2024-03-28,2560.8487,2593.3344,2558.456,2591.076,2591.076,1638936
2024-03-29,2591.076,2634.289,2581.4105,2626.278,2626.278,2782270
2024-04-01,2626.278,2642.9065,2625.7253,2642.5262,2642.5262,2046068
2024-04-02,2642.5262,2648.4045,2629.4074,2637.9965,2637.9965,1673997
2024-04-03,2637.9965,2655.4598,2625.1135,2648.3879,2648.3879,2214030
2024-04-04,2648.3879,2658.4486,2591.5358,2607.8666,2607.8666,2355630
2024-04-05,2607.8666,2662.2201,2593.0021,2656.0206,2656.0206,1652376
2024-04-08,2656.0206,2657.5418,2634.2363,2640.8118,2640.8118,2199229
2024-04-09,2640.8118,2661.1974,2630.6109,2646.4306,2646.4306,2081373
2024-04-10,2646.4306,2656.0857,2612.8738,2623.2223,2623.2223,1939441
2024-04-11,2623.2223,2641.2748,2620.9128,2639.4926,2639.4926,1989442
2024-04-12,2639.4926,2649.4089,2613.6502,2624.0467,2624.0467,1900078
2024-04-15,2624.0467,2684.7547,2607.5429,2673.3627,2673.3627,2095619
2024-04-16,2673.3627,2676.5767,2591.3499,2599.4831,2599.4831,2063230
2024-04-17,2599.4831,2604.2526,2591.3941,2591.7733,2591.7733,1654388
2024-04-18,2591.7733,2600.7787,2579.3155,2583.4066,2583.4066,2089259
2024-04-19,2583.4066,2638.9935,2581.3653,2632.1091,2632.1091,1847577
2024-04-22,2632.1091,2656.3632,2619.9441,2652.8921,2652.8921,2379855
2024-04-23,2652.8921,2657.8116,2577.9186,2581.8339,2581.8339,2343029
2024-04-24,2581.8339,2596.6327,2560.5377,2560.5569,2560.5569,1869361
2024-04-25,2560.5569,2579.3415,2535.1648,2535.281,2535.281,1264395
2024-04-26,2535.281,2567.6817,2529.9301,2564.044,2564.044,2427126
2024-04-29,2564.044,2572.6846,2537.9298,2564.2356,2564.2356,2196636
2024-04-30,2564.2356,2578.2651,2552.7554,2555.8154,2555.8154,2010579
2024-05-01,2555.8154,2556.8146,2515.4087,2519.7014,2519.7014,2103097
2024-05-02,2519.7014,2526.2768,2495.8571,2496.6084,2496.6084,1805000
2024-05-03,2496.6084,2536.6848,2492.5021,2536.4351,2536.4351,2291357
2024-05-06,2536.4351,2536.8865,2475.5104,2495.7926,2495.7926,1692727
2024-05-07,2495.7926,2497.2917,2463.5103,2467.884,2467.884,2579500
2024-05-08,2467.884,2482.4575,2419.9105,2428.4681,2428.4681,1951857
2024-05-09,2428.4681,2442.2612,2424.9629,2441.2578,2441.2578,1463342
2024-05-10,2441.2578,2446.8444,2405.8792,2408.6527,2408.6527,2177412
2024-05-13,2408.6527,2414.6177,2383.7088,2390.139,2390.139,2166385
2024-05-14,2390.139,2396.894,2345.6806,2346.0985,2346.0985,1930356
2024-05-15,2346.0985,2408.0933,2345.0187,2399.3837,2399.3837,1723349
2024-05-16,2399.3837,2410.7011,2385.2839,2392.2911,2392.2911,1673930
2024-05-17,2392.2911,2429.1004,2387.9937,2412.8702,2412.8702,2097406
2024-05-20,2412.8702,2450.1218,2397.7029,2449.0674,2449.0674,1644409
2024-05-21,2449.0674,2464.326,2422.2905,2437.2186,2437.2186,1227304
2024-05-22,2437.2186,2444.4983,2430.3204,2435.2127,2435.2127,1376888
2024-05-23,2435.2127,2453.1287,2398.8898,2415.3275,2415.3275,1870891
2024-05-24,2415.3275,2470.3585,2410.7018,2464.6176,2464.6176,2069331
2024-05-27,2464.6176,2489.775,2446.7149,2487.1614,2487.1614,1799104
2024-05-28,2487.1614,2501.8434,2484.5515,2495.7981,2495.7981,1883605
2024-05-29,2495.7981,2570.1134,2488.3783,2564.1551,2564.1551,2183072
2024-05-30,2564.1551,2566.9891,2541.0646,2547.6317,2547.6317,2079478
2024-05-31,2547.6317,2549.9702,2515.6424,2523.9316,2523.9316,1939819
2024-06-03,2523.9316,2525.848,2470.9224,2488.6284,2488.6284,2121680
2024-06-04,2488.6284,2489.9999,2460.0837,2466.6249,2466.6249,2362913
2024-06-05,2466.6249,2503.958,2461.6423,2502.428,2502.428,1610712
2024-06-06,2502.428,2528.8264,2490.0208,2513.3752,2513.3752,1854924
2024-06-07,2513.3752,2554.687,2513.0019,2549.441,2549.441,1783969
2024-06-10,2549.441,2558.3439,2533.8783,2551.4437,2551.4437,1836442
2024-06-11,2551.4437,2560.3697,2496.6524,2511.0397,2511.0397,1938909
2024-06-12,2511.0397,2518.7669,2476.358,2478.1855,2478.1855,2254921
2024-06-13,2478.1855,2481.7935,2441.7503,2459.7795,2459.7795,2567902
2024-06-14,2459.7795,2462.7052,2424.5951,2424.9552,2424.9552,1628361
2024-06-17,2424.9552,2452.5127,2417.645,2438.0605,2438.0605,2041086
2024-06-18,2438.0605,2460.8776,2436.3706,2459.3538,2459.3538,1445768
2024-06-19,2459.3538,2490.4008,2453.0089,2476.9209,2476.9209,1427995
2024-06-20,2476.9209,2480.3501,2469.7898,2475.6258,2475.6258,1813572
2024-06-21,2475.6258,2476.9781,2446.5002,2451.0018,2451.0018,2233738
2024-06-24,2451.0018,2463.4581,2450.0466,2457.9887,2457.9887,1857025
2024-06-25,2457.9887,2492.5574,2451.5362,2479.649,2479.649,1978556
2024-06-26,2479.649,2480.1151,2476.0571,2478.7539,2478.7539,1845766
2024-06-27,2478.7539,2518.8973,2477.6582,2510.2944,2510.2944,2501909
2024-06-28,2510.2944,2527.7079,2493.4262,2527.1951,2527.1951,2423072
2024-07-01,2527.1951,2529.221,2490.8352,2493.2128,2493.2128,1744302
2024-07-02,2493.2128,2508.6348,2488.6836,2502.5955,2502.5955,1486983
2024-07-03,2502.5955,2513.1185,2465.125,2471.258,2471.258,1473708
2024-07-04,2471.258,2473.1277,2461.6914,2464.9573,2464.9573,2193307
2024-07-05,2464.9573,2485.167,2462.9196,2474.6938,2474.6938,2210408
2024-07-08,2474.6938,2542.259,2457.7647,2529.7288,2529.7288,3039814
2024-07-09,2529.7288,2585.0579,2526.8928,2583.4643,2583.4643,2078187
2024-07-10,2583.4643,2610.9188,2582.1669,2599.8327,2599.8327,1448901
2024-07-11,2599.8327,2616.2098,2591.8784,2606.9272,2606.9272,1143535
2024-07-12,2606.9272,2609.0791,2597.9072,2605.4541,2605.4541,1706074
2024-07-15,2605.4541,2606.1352,2589.7675,2597.1352,2597.1352,2141281
2024-07-16,2597.1352,2599.8599,2571.2769,2583.3464,2583.3464,2328302
2024-07-17,2583.3464,2611.5814,2582.8619,2595.0293,2595.0293,1232262
2024-07-18,2595.0293,2609.7444,2571.1461,2588.1815,2588.1815,2078025
2024-07-19,2588.1815,2598.6988,2551.3525,2563.6903,2563.6903,1983624
2024-07-22,2563.6903,2567.6625,2525.2453,2529.5182,2529.5182,2093713
2024-07-23,2529.5182,2559.3812,2514.6593,2558.5072,2558.5072,1811474
2024-07-24,2558.5072,2570.3436,2530.6201,2550.0047,2550.0047,2328172
2024-07-25,2550.0047,2626.8977,2549.9463,2626.1071,2626.1071,1815650
2024-07-26,2626.1071,2638.431,2616.1799,2634.3394,2634.3394,2123614
2024-07-29,2634.3394,2655.8788,2614.1607,2648.2297,2648.2297,1408717
2024-07-30,2648.2297,2658.0329,2644.5923,2655.4023,2655.4023,1789123
2024-07-31,2655.4023,2699.7782,2649.7876,2695.8337,2695.8337,2752933
2024-08-01,2695.8337,2696.4209,2680.6594,2686.6986,2686.6986,2520532
2024-08-02,2686.6986,2699.676,2657.6716,2671.5062,2671.5062,1553001
2024-08-05,2671.5062,2682.4092,2634.0824,2647.314,2647.314,2011602
2024-08-06,2647.314,2658.7521,2639.8572,2652.7156,2652.7156,1779284
2024-08-07,2652.7156,2704.2022,2650.9459,2681.7695,2681.7695,2214710
2024-08-08,2681.7695,2692.9323,2658.4142,2660.567,2660.567,2509474
2024-08-09,2660.567,2665.7913,2626.5419,2629.0776,2629.0776,2060403
2024-08-12,2629.0776,2665.454,2622.2383,2664.0854,2664.0854,1357210
2024-08-13,2664.0854,2696.9906,2659.924,2694.9968,2694.9968,1854591
2024-08-14,2694.9968,2735.6115,2687.7779,2729.5762,2729.5762,1252590
2024-08-15,2729.5762,2764.5315,2724.5458,2754.0808,2754.0808,1686260
2024-08-16,2754.0808,2780.4333,2743.0113,2773.9282,2773.9282,1598842
2024-08-19,2773.9282,2810.1319,2772.0695,2802.8461,2802.8461,1855811
2024-08-20,2802.8461,2815.77,2734.0278,2742.1837,2742.1837,1930400
2024-08-21,2742.1837,2782.3356,2734.5595,2768.9803,2768.9803,1919445
2024-08-22,2768.9803,2778.4468,2723.9156,2739.2112,2739.2112,1751552
2024-08-23,2739.2112,2765.5318,2737.6098,2758.0507,2758.0507,1695866
2024-08-26,2758.0507,2758.175,2748.5067,2758.1444,2758.1444,2567836
2024-08-27,2758.1444,2769.6628,2721.8401,2746.9315,2746.9315,2095978
2024-08-28,2746.9315,2780.8392,2741.1393,2769.2831,2769.2831,2376631
2024-08-29,2769.2831,2796.5612,2766.5443,2782.6609,2782.6609,1386540
2024-08-30,2782.6609,2844.0869,2781.8707,2843.7651,2843.7651,1308816
2024-09-02,2843.7651,2871.6375,2842.9979,2871.2211,2871.2211,2429735
2024-09-03,2871.2211,2889.0633,2864.7883,2883.8231,2883.8231,1972761
2024-09-04,2883.8231,2887.893,2853.0591,2855.4191,2855.4191,1746170
2024-09-05,2855.4191,2871.734,2848.7315,2870.0622,2870.0622,1899643
2024-09-06,2870.0622,2914.4252,2857.6057,2913.1316,2913.1316,1952342
2024-09-09,2913.1316,2917.3332,2875.6926,2893.518,2893.518,1427281
2024-09-10,2893.518,2965.5395,2878.9724,2954.5041,2954.5041,2241419
2024-09-11,2954.5041,2966.5824,2913.2497,2918.0563,2918.0563,2118306
2024-09-12,2918.0563,2941.1751,2855.3755,2868.2227,2868.2227,2112902
2024-09-13,2868.2227,2939.6798,2867.0153,2928.3757,2928.3757,1609844
2024-09-16,2928.3757,2929.7096,2916.5366,2928.0602,2928.0602,1706495
2024-09-17,2928.0602,2998.5055,2921.8487,2995.4427,2995.4427,2702617
2024-09-18,2995.4427,3034.6538,2995.2302,3026.1653,3026.1653,2372035
2024-09-19,3026.1653,3028.6864,3010.4901,3020.7354,3020.7354,1598212
2024-09-20,3020.7354,3034.8987,2988.6746,2989.6774,2989.6774,2185178
2024-09-23,2989.6774,3008.0648,2947.6205,2956.5889,2956.5889,1717617
2024-09-24,2956.5889,2965.7445,2908.3741,2932.3181,2932.3181,1663029
2024-09-25,2932.3181,2948.3166,2931.7538,2939.7623,2939.7623,1881841
2024-09-26,2939.7623,2954.6522,2886.0429,2887.837,2887.837,1978940
2024-09-27,2887.837,2951.1439,2886.2777,2924.074,2924.074,2575044
2024-09-30,2924.074,2959.23,2919.4094,2958.1355,2958.1355,1638782
2024-10-01,2958.1355,2989.5691,2950.6678,2982.6817,2982.6817,2136571
2024-10-02,2982.6817,2988.3255,2922.0399,2935.8745,2935.8745,2004520
2024-10-03,2935.8745,2944.6205,2914.4899,2921.1162,2921.1162,1383565
2024-10-04,2921.1162,2958.5023,2912.8408,2954.4878,2954.4878,1878253
2024-10-07,2954.4878,2957.9154,2907.1082,2910.6761,2910.6761,2136496
2024-10-08,2910.6761,2919.0841,2840.179,2869.3626,2869.3626,1737049
2024-10-09,2869.3626,2886.7469,2863.7636,2875.0668,2875.0668,2044453
2024-10-10,2875.0668,2908.4738,2868.6231,2880.0241,2880.0241,1930191
2024-10-11,2880.0241,2880.2271,2811.492,2825.2428,2825.2428,978383
2024-10-14,2825.2428,2876.9043,2824.7932,2872.9804,2872.9804,1424729
2024-10-15,2872.9804,2875.9077,2830.0393,2830.4974,2830.4974,2379347
2024-10-16,2830.4974,2881.4936,2824.178,2878.8997,2878.8997,2032572
2024-10-17,2878.8997,2883.4636,2834.829,2846.4543,2846.4543,2396188
2024-10-18,2846.4543,2866.4294,2827.2911,2851.7262,2851.7262,2458262
2024-10-21,2851.7262,2862.042,2838.9814,2852.3068,2852.3068,1926153
2024-10-22,2852.3068,2871.384,2836.6859,2867.9922,2867.9922,1832200
2024-10-23,2867.9922,2897.1567,2867.7876,2896.6114,2896.6114,1845225
2024-10-24,2896.6114,2900.9254,2881.6992,2881.8002,2881.8002,1930822
2024-10-25,2881.8002,2885.2269,2841.1458,2859.8892,2859.8892,1665139
2024-10-28,2859.8892,2884.1723,2848.9661,2852.6197,2852.6197,1965020
2024-10-29,2852.6197,2858.8324,2845.0688,2854.3237,2854.3237,1978255
2024-10-30,2854.3237,2874.6445,2800.8875,2805.6458,2805.6458,1424149
2024-10-31,2805.6458,2812.8097,2798.3816,2799.5492,2799.5492,1634281
2024-11-01,2799.5492,2823.0848,2782.0194,2812.8401,2812.8401,2139512
2024-11-04,2812.8401,2832.8912,2812.6057,2823.0875,2823.0875,2862975
2024-11-05,2823.0875,2834.51,2803.8624,2831.0778,2831.0778,2141507
2024-11-06,2831.0778,2867.3154,2813.2364,2860.0423,2860.0423,1317069
2024-11-07,2860.0423,2868.3402,2844.3949,2867.5968,2867.5968,2411404
2024-11-08,2867.5968,2876.8712,2866.1206,2868.2371,2868.2371,1646684
2024-11-11,2868.2371,2876.539,2841.0456,2842.6118,2842.6118,2037116
2024-11-12,2842.6118,2865.3633,2834.7641,2854.1394,2854.1394,1872164
2024-11-13,2854.1394,2878.3963,2852.0365,2870.7239,2870.7239,1443087
2024-11-14,2870.7239,2896.89,2866.4116,2892.7294,2892.7294,1892388
2024-11-15,2892.7294,2922.9309,2890.5933,2898.6992,2898.6992,1979515
2024-11-18,2898.6992,2985.0031,2885.2368,2979.0488,2979.0488,1855490
2024-11-19,2979.0488,2994.1078,2968.862,2968.8715,2968.8715,2275898
2024-11-20,2968.8715,3008.438,2962.3838,2997.1171,2997.1171,1963092
2024-11-21,2997.1171,3008.7987,2994.5023,3002.3,3002.3,1222344
2024-11-22,3002.3,3094.5496,2990.8563,3093.1984,3093.1984,1030704
2024-11-25,3093.1984,3108.5718,3060.3124,3069.6437,3069.6437,2260646
2024-11-26,3069.6437,3073.2334,3055.4189,3062.099,3062.099,2238520
2024-11-27,3062.099,3118.7978,3058.6956,3118.221,3118.221,1804800
2024-11-28,3118.221,3123.594,3067.2606,3082.5302,3082.5302,2757429
2024-11-29,3082.5302,3083.0761,3071.2601,3073.0084,3073.0084,2010043
2024-12-02,3073.0084,3174.4654,3061.1611,3140.9143,3140.9143,1932910
2024-12-03,3140.9143,3156.3137,3137.9669,3148.7896,3148.7896,2213650
2024-12-04,3148.7896,3172.1533,3144.4648,3167.7503,3167.7503,1738425
2024-12-05,3167.7503,3180.7855,3131.5978,3131.8635,3131.8635,2202898
2024-12-06,3131.8635,3151.7483,3033.8843,3037.7753,3037.7753,1469795
2024-12-09,3037.7753,3087.0317,3035.3538,3063.8947,3063.8947,1898003
2024-12-10,3063.8947,3121.8652,3053.752,3107.6676,3107.6676,1483399
2024-12-11,3107.6676,3197.491,3100.1107,3189.8938,3189.8938,1994930
2024-12-12,3189.8938,3196.5946,3136.3293,3156.2933,3156.2933,1595374
2024-12-13,3156.2933,3176.1766,3147.8058,3160.1113,3160.1113,2642006
2024-12-16,3160.1113,3164.825,3117.8059,3130.4717,3130.4717,2157529
2024-12-17,3130.4717,3137.6888,3091.7987,3108.7045,3108.7045,2210001
2024-12-18,3108.7045,3117.1244,3062.2624,3072.9296,3072.9296,1402667
2024-12-19,3072.9296,3118.9865,3061.6934,3103.6541,3103.6541,1773858
2024-12-20,3103.6541,3154.8805,3094.9599,3128.7723,3128.7723,1998933
2024-12-23,3128.7723,3132.5226,3054.0509,3062.4961,3062.4961,1664410
2024-12-24,3062.4961,3095.3177,3041.7974,3048.5673,3048.5673,1600813
2024-12-25,3048.5673,3070.1926,3043.4305,3068.9578,3068.9578,1990125
2024-12-26,3068.9578,3074.86,3068.732,3069.3783,3069.3783,1664630
2024-12-27,3069.3783,3120.8186,3055.4878,3101.0204,3101.0204,2226544
2024-12-30,3101.0204,3154.9139,3090.9456,3152.3366,3152.3366,2201722
2024-12-31,3152.3366,3179.4293,3129.0641,3173.2311,3173.2311,1824751
2025-01-01,3173.2311,3180.8071,3142.9364,3155.4572,3155.4572,1790832
2025-01-02,3155.4572,3186.9886,3142.6333,3185.3723,3185.3723,2571244
2025-01-03,3185.3723,3191.0222,3165.7866,3175.574,3175.574,2032922
2025-01-06,3175.574,3215.5533,3160.3749,3211.1545,3211.1545,2405139
2025-01-07,3211.1545,3231.4716,3205.9411,3224.8859,3224.8859,1556954
2025-01-08,3224.8859,3247.5727,3186.0346,3198.6078,3198.6078,3050771
2025-01-09,3198.6078,3227.9969,3194.5421,3214.9217,3214.9217,2447703
2025-01-10,3214.9217,3267.3825,3209.4524,3252.2249,3252.2249,1771711
2025-01-13,3252.2249,3255.7933,3202.1211,3227.793,3227.793,2315692
2025-01-14,3227.793,3230.3418,3176.7493,3182.5684,3182.5684,1774848
2025-01-15,3182.5684,3216.9247,3155.8094,3202.3213,3202.3213,2340698
2025-01-16,3202.3213,3209.692,3164.1971,3174.0237,3174.0237,1561608
2025-01-17,3174.0237,3232.1881,3169.8199,3212.7849,3212.7849,2135529
2025-01-20,3212.7849,3285.8925,3191.174,3263.463,3263.463,2925517
2025-01-21,3263.463,3264.7851,3238.7517,3254.0598,3254.0598,1289188
2025-01-22,3254.0598,3291.1729,3252.4833,3287.09,3287.09,2069291
2025-01-23,3287.09,3297.9418,3272.9857,3284.2998,3284.2998,1335736
2025-01-24,3284.2998,3319.1947,3261.1872,3294.3114,3294.3114,1791571
2025-01-27,3294.3114,3294.3484,3257.0891,3279.7995,3279.7995,2552219
2025-01-28,3279.7995,3330.0563,3273.6397,3319.2352,3319.2352,2182293
2025-01-29,3319.2352,3332.5104,3304.2929,3309.8172,3309.8172,2526460
2025-01-30,3309.8172,3337.0245,3271.7171,3287.489,3287.489,1660857
2025-01-31,3287.489,3287.5681,3207.0696,3227.0607,3227.0607,1745985
2025-02-03,3227.0607,3229.0775,3225.8424,3226.1023,3226.1023,2397476
2025-02-04,3226.1023,3226.6871,3205.5212,3213.1823,3213.1823,2337624
2025-02-05,3213.1823,3222.5327,3127.7616,3153.5506,3153.5506,2181004
2025-02-06,3153.5506,3154.7392,3117.8144,3125.9082,3125.9082,2753693
2025-02-07,3125.9082,3141.5148,3108.4887,3141.4795,3141.4795,1813841
2025-02-10,3141.4795,3180.4758,3133.2301,3158.6729,3158.6729,1630422
2025-02-11,3158.6729,3172.1249,3094.7015,3097.5024,3097.5024,2171283
2025-02-12,3097.5024,3098.9936,3044.2543,3061.2854,3061.2854,2414473
2025-02-13,3061.2854,3105.1503,3053.1386,3085.778,3085.778,2333086
2025-02-14,3085.778,3130.5748,3081.9512,3115.5824,3115.5824,2299743
2025-02-17,3115.5824,3138.3255,3049.1015,3060.0982,3060.0982,2386453
2025-02-18,3060.0982,3076.6421,3031.5791,3044.7023,3044.7023,1060384
2025-02-19,3044.7023,3049.412,3033.9839,3048.3862,3048.3862,2445774
2025-02-20,3048.3862,3060.0425,3016.1167,3016.8151,3016.8151,2455101
2025-02-21,3016.8151,3018.8971,2990.0604,2998.2163,2998.2163,2460673
2025-02-24,2998.2163,3010.3966,2972.4097,2977.5871,2977.5871,1845399
2025-02-25,2977.5871,2984.3955,2893.7626,2906.834,2906.834,2375407
2025-02-26,2906.834,2925.452,2882.5533,2896.4403,2896.4403,1326942
2025-02-27,2896.4403,2967.2183,2888.9005,2966.2896,2966.2896,1259709
2025-02-28,2966.2896,2974.3681,2948.1268,2948.9753,2948.9753,1541835
2025-03-03,2948.9753,2975.5828,2943.7561,2965.9926,2965.9926,1863556
2025-03-04,2965.9926,3012.3421,2950.0227,2983.4152,2983.4152,2326260
2025-03-05,2983.4152,2987.6614,2943.5702,2947.6899,2947.6899,1652538
2025-03-06,2947.6899,2963.2811,2925.2524,2956.7302,2956.7302,1911050
2025-03-07,2956.7302,2990.0898,2952.5587,2982.8019,2982.8019,1842704
2025-03-10,2982.8019,3042.502,2970.2116,3027.1759,3027.1759,2276158
2025-03-11,3027.1759,3043.495,2986.7408,2990.2501,2990.2501,2209665
2025-03-12,2990.2501,2994.6531,2954.9113,2961.6585,2961.6585,2675855
2025-03-13,2961.6585,2984.1783,2959.5509,2982.7224,2982.7224,2843081
2025-03-14,2982.7224,3016.8898,2978.8594,2998.5597,2998.5597,1737171
2025-03-17,2998.5597,3051.6569,2995.9871,3023.1303,3023.1303,1756354
2025-03-18,3023.1303,3039.5208,3013.4744,3028.2763,3028.2763,1928012
2025-03-19,3028.2763,3047.7536,3024.6951,3042.2731,3042.2731,1399981
2025-03-20,3042.2731,3127.9504,3035.4688,3107.5821,3107.5821,2238386
2025-03-21,3107.5821,3109.1554,3061.3296,3066.39,3066.39,1833408
2025-03-24,3066.39,3113.6175,3058.7067,3098.6239,3098.6239,2103843
2025-03-25,3098.6239,3125.9595,3067.6353,3086.1549,3086.1549,2296274
2025-03-26,3086.1549,3116.7671,3057.6769,3110.2679,3110.2679,1684379
2025-03-27,3110.2679,3149.1899,3097.6387,3126.4037,3126.4037,2729900
2025-03-28,3126.4037,3185.5642,3119.7365,3178.6992,3178.6992,2805898
2025-03-31,3178.6992,3189.6558,3103.5559,3111.1259,3111.1259,1891533
2025-04-01,3111.1259,3169.2324,3109.0501,3160.317,3160.317,1834219
2025-04-02,3160.317,3163.8634,3115.0322,3132.4516,3132.4516,2180115
2025-04-03,3132.4516,3149.1471,3090.3094,3096.813,3096.813,1930175
2025-04-04,3096.813,3119.0473,3088.4975,3104.9846,3104.9846,1784485
2025-04-07,3104.9846,3109.8912,3095.2923,3108.1716,3108.1716,2240422
2025-04-08,3108.1716,3128.777,3107.3365,3119.6113,3119.6113,2139478
2025-04-09,3119.6113,3161.3619,3100.4493,3161.0254,3161.0254,1966502
2025-04-10,3161.0254,3184.1205,3108.8496,3115.1883,3115.1883,1653408
2025-04-11,3115.1883,3123.3023,2980.2627,2993.1766,2993.1766,1362884
2025-04-14,2993.1766,3073.5113,2982.9377,3047.7899,3047.7899,2139640
2025-04-15,3047.7899,3086.0437,3036.5534,3082.9383,3082.9383,2130239
2025-04-16,3082.9383,3086.4121,3064.1014,3074.1951,3074.1951,2280334
2025-04-17,3074.1951,3101.4013,3072.1583,3098.236,3098.236,1585901
2025-04-18,3098.236,3104.3965,3024.175,3049.7157,3049.7157,1511042
2025-04-21,3049.7157,3059.906,3022.5585,3033.8053,3033.8053,1973064
2025-04-22,3033.8053,3040.592,3027.6996,3032.3407,3032.3407,2333284
2025-04-23,3032.3407,3076.64,3019.9368,3058.119,3058.119,2026634
2025-04-24,3058.119,3075.4119,2990.0336,3009.6907,3009.6907,2346188
2025-04-25,3009.6907,3033.7789,2998.5318,3003.3651,3003.3651,1850625
2025-04-28,3003.3651,3077.8916,2999.8249,3070.5704,3070.5704,2010624
2025-04-29,3070.5704,3078.0674,3055.7079,3077.6798,3077.6798,2072791
2025-04-30,3077.6798,3146.7163,3075.3486,3144.8824,3144.8824,2422087
2025-05-01,3144.8824,3156.9384,3117.0536,3132.0708,3132.0708,1521224
2025-05-02,3132.0708,3134.0037,3090.8754,3110.8131,3110.8131,1524477
2025-05-05,3110.8131,3112.1797,3051.5035,3061.0103,3061.0103,2241123
2025-05-06,3061.0103,3072.2523,3017.9338,3025.7581,3025.7581,2102314
2025-05-07,3025.7581,3030.2378,2998.4981,3002.7035,3002.7035,2150520
2025-05-08,3002.7035,3008.2328,2952.4423,2968.4634,2968.4634,2243655
2025-05-09,2968.4634,2987.5169,2967.9,2981.617,2981.617,1854195
2025-05-12,2981.617,3010.6342,2973.3426,2999.2992,2999.2992,2064042
2025-05-13,2999.2992,3004.0637,2977.7886,3002.7547,3002.7547,2227461
2025-05-14,3002.7547,3036.394,3002.4589,3014.98,3014.98,1472547
2025-05-15,3014.98,3021.7255,2989.2215,2989.7002,2989.7002,1065027
2025-05-16,2989.7002,3045.0848,2952.6604,3037.8341,3037.8341,2191694
2025-05-19,3037.8341,3050.2706,2982.1178,3008.3792,3008.3792,2217665
2025-05-20,3008.3792,3017.0278,2983.324,2985.9662,2985.9662,1718706
2025-05-21,2985.9662,2996.5951,2941.1395,2943.2827,2943.2827,1039609
2025-05-22,2943.2827,2949.6748,2911.9619,2917.5588,2917.5588,1989890
2025-05-23,2917.5588,2925.8694,2895.1965,2922.4623,2922.4623,1329827
2025-05-26,2922.4623,2933.2194,2889.0799,2895.8131,2895.8131,1471116
2025-05-27,2895.8131,2898.6516,2882.857,2889.7651,2889.7651,2115870
2025-05-28,2889.7651,2913.0581,2882.254,2908.9039,2908.9039,2102777
2025-05-29,2908.9039,2926.869,2880.7694,2894.9917,2894.9917,2112166
2025-05-30,2894.9917,2923.9958,2893.0999,2917.9603,2917.9603,1940999
2025-06-02,2917.9603,2934.5989,2872.4726,2880.9098,2880.9098,1745922
2025-06-03,2880.9098,2938.9879,2875.0605,2921.2465,2921.2465,2287220
2025-06-04,2921.2465,2943.7034,2907.7697,2936.4331,2936.4331,2349058
2025-06-05,2936.4331,2939.7989,2900.6968,2904.0242,2904.0242,1555663
2025-06-06,2904.0242,2946.6392,2901.7948,2930.5927,2930.5927,2267491
2025-06-09,2930.5927,2945.323,2924.0862,2938.2091,2938.2091,2354417
2025-06-10,2938.2091,2961.1083,2933.5887,2956.5706,2956.5706,2012190
2025-06-11,2956.5706,2974.9647,2951.2246,2964.6228,2964.6228,1896896
2025-06-12,2964.6228,3020.8573,2959.3598,3006.0476,3006.0476,1840174
2025-06-13,3006.0476,3084.6059,3002.414,3078.299,3078.299,2076243
2025-06-16,3078.299,3102.2101,3077.0532,3086.1388,3086.1388,2134702
2025-06-17,3086.1388,3143.0488,3076.732,3114.7905,3114.7905,1850356
2025-06-18,3114.7905,3182.9345,3103.904,3176.8012,3176.8012,1218875
2025-06-19,3176.8012,3209.3339,3174.0798,3194.3221,3194.3221,1874698
2025-06-20,3194.3221,3260.5336,3173.0199,3246.478,3246.478,2077480
2025-06-23,3246.478,3266.8944,3234.2205,3246.0247,3246.0247,1761905
2025-06-24,3246.0247,3268.1392,3202.5744,3210.4421,3210.4421,2249578
2025-06-25,3210.4421,3216.56,3195.2867,3213.3251,3213.3251,2420790
2025-06-26,3213.3251,3218.5543,3188.0794,3196.9516,3196.9516,2268543
2025-06-27,3196.9516,3212.9119,3181.7038,3204.49,3204.49,1874864
2025-06-30,3204.49,3227.9659,3193.0714,3214.4536,3214.4536,2186867
2025-07-01,3214.4536,3241.3266,3171.6243,3195.345,3195.345,1292004
2025-07-02,3195.345,3215.3339,3129.7782,3133.381,3133.381,2495205
2025-07-03,3133.381,3204.5546,3130.1506,3187.2591,3187.2591,2383609
2025-07-04,3187.2591,3251.4376,3177.2572,3251.1846,3251.1846,1527064
2025-07-07,3251.1846,3256.5276,3243.279,3253.2824,3253.2824,1914699
2025-07-08,3253.2824,3263.2577,3247.4767,3250.048,3250.048,2258667
2025-07-09,3250.048,3308.9707,3244.87,3308.276,3308.276,2030895
2025-07-10,3308.276,3359.194,3305.6361,3358.2706,3358.2706,1710698
2025-07-11,3358.2706,3379.7009,3320.4007,3338.1759,3338.1759,2515031
2025-07-14,3338.1759,3384.3436,3326.1545,3377.6623,3377.6623,1405548
2025-07-15,3377.6623,3387.9018,3341.0666,3357.1703,3357.1703,2816141
2025-07-16,3357.1703,3365.2237,3331.8512,3348.1842,3348.1842,1831353
2025-07-17,3348.1842,3443.8995,3339.6197,3436.1082,3436.1082,1728119
2025-07-18,3436.1082,3534.1367,3430.6924,3509.8277,3509.8277,2299643
2025-07-21,3509.8277,3520.0423,3449.6642,3449.7788,3449.7788,2526273
2025-07-22,3449.7788,3460.6364,3401.0622,3408.7124,3408.7124,2308884
2025-07-23,3408.7124,3450.302,3408.4564,3433.9703,3433.9703,2111016
2025-07-24,3433.9703,3477.1666,3429.6164,3468.8218,3468.8218,1364595
2025-07-25,3468.8218,3492.1914,3400.9478,3413.5892,3413.5892,2290033
2025-07-28,3413.5892,3483.8274,3411.9052,3457.6864,3457.6864,2417368
2025-07-29,3457.6864,3469.2286,3426.4888,3439.699,3439.699,1708015
2025-07-30,3439.699,3439.701,3405.659,3423.6397,3423.6397,1455272
2025-07-31,3423.6397,3436.9816,3412.5086,3422.924,3422.924,2255218
2025-08-01,3422.924,3505.8641,3416.7771,3460.871,3460.871,1526187
2025-08-04,3460.871,3532.5179,3454.7136,3512.8112,3512.8112,2148642
2025-08-05,3512.8112,3534.1025,3509.378,3522.6621,3522.6621,1917410
2025-08-06,3522.6621,3530.026,3488.2664,3505.2427,3505.2427,2151386
2025-08-07,3505.2427,3509.4816,3395.0285,3398.7564,3398.7564,1601440
2025-08-08,3398.7564,3436.7046,3392.2086,3431.3956,3431.3956,2226188
2025-08-11,3431.3956,3503.4742,3429.6212,3495.2822,3495.2822,2168574
2025-08-12,3495.2822,3547.7439,3488.2871,3533.1536,3533.1536,2066532
2025-08-13,3533.1536,3584.6411,3522.6648,3561.104,3561.104,2459381
2025-08-14,3561.104,3565.1381,3519.5521,3528.091,3528.091,1609585
2025-08-15,3528.091,3533.6028,3505.3804,3509.3381,3509.3381,2137639
2025-08-18,3509.3381,3517.8164,3492.5286,3499.201,3499.201,1258130
2025-08-19,3499.201,3528.4979,3451.2434,3468.5489,3468.5489,1701869
2025-08-20,3468.5489,3504.9842,3453.2907,3459.0952,3459.0952,2756573
2025-08-21,3459.0952,3474.7652,3408.0734,3418.8854,3418.8854,2435741
2025-08-22,3418.8854,3442.9352,3401.5345,3409.5079,3409.5079,2418783
2025-08-25,3409.5079,3422.9806,3387.0357,3402.852,3402.852,2102881
2025-08-26,3402.852,3404.239,3353.1387,3380.9419,3380.9419,1855656
2025-08-27,3380.9419,3382.999,3344.3911,3356.1033,3356.1033,2642785
2025-08-28,3356.1033,3361.9875,3337.4321,3338.877,3338.877,930588
2025-08-29,3338.877,3401.2969,3335.5888,3368.8176,3368.8176,1918676
2025-09-01,3368.8176,3446.9384,3364.3006,3419.6251,3419.6251,2191519
2025-09-02,3419.6251,3443.356,3418.9757,3427.3077,3427.3077,2414029
2025-09-03,3427.3077,3447.6873,3337.5162,3346.0327,3346.0327,2828723
2025-09-04,3346.0327,3361.9662,3312.2531,3312.8409,3312.8409,1892298
2025-09-05,3312.8409,3337.5267,3304.0253,3332.0576,3332.0576,1942788
2025-09-08,3332.0576,3384.7008,3328.6523,3358.5926,3358.5926,1979091
2025-09-09,3358.5926,3359.9986,3296.9578,3323.6057,3323.6057,1303875
2025-09-10,3323.6057,3338.9165,3285.9516,3296.6161,3296.6161,2174078
2025-09-11,3296.6161,3303.6745,3254.6442,3256.8517,3256.8517,1605101
2025-09-12,3256.8517,3272.6495,3219.9916,3245.6402,3245.6402,2377032
2025-09-15,3245.6402,3258.3692,3240.9537,3254.3021,3254.3021,1601606
2025-09-16,3254.3021,3279.7834,3210.5786,3223.1425,3223.1425,1856881
2025-09-17,3223.1425,3239.1085,3199.3348,3207.5403,3207.5403,1904996
2025-09-18,3207.5403,3215.7324,3190.4349,3201.0322,3201.0322,2032560
2025-09-19,3201.0322,3226.4801,3195.6975,3218.8775,3218.8775,1861955
2025-09-22,3218.8775,3235.1961,3216.8818,3234.2193,3234.2193,2095023
2025-09-23,3234.2193,3247.0163,3186.5789,3210.6786,3210.6786,1553734
2025-09-24,3210.6786,3304.218,3209.7125,3300.6394,3300.6394,1153620
2025-09-25,3300.6394,3333.9857,3297.1964,3310.2562,3310.2562,1731216
2025-09-26,3310.2562,3317.9789,3305.1371,3316.8285,3316.8285,2611407
2025-09-29,3316.8285,3326.8885,3308.9418,3309.6675,3309.6675,1578930
2025-09-30,3309.6675,3328.0951,3248.9074,3269.7351,3269.7351,2085704
2025-10-01,3269.7351,3278.7073,3220.1503,3230.5608,3230.5608,2011661
2025-10-02,3230.5608,3255.1058,3209.0286,3210.5557,3210.5557,1835414
2025-10-03,3210.5557,3256.2987,3197.358,3238.9,3238.9,2314444
2025-10-06,3238.9,3312.6991,3224.9662,3291.0397,3291.0397,1440937
2025-10-07,3291.0397,3419.6795,3287.4635,3400.5176,3400.5176,1487798
2025-10-08,3400.5176,3433.8568,3395.9815,3425.8481,3425.8481,2128796
2025-10-09,3425.8481,3445.183,3422.9514,3437.4767,3437.4767,1662699
2025-10-10,3437.4767,3440.1162,3418.1671,3438.8378,3438.8378,1915877
2025-10-13,3438.8378,3467.7205,3426.8002,3461.4376,3461.4376,1711380
2025-10-14,3461.4376,3500.2884,3441.3811,3491.728,3491.728,2205669
2025-10-15,3491.728,3550.2248,3470.1434,3532.7488,3532.7488,1910501
2025-10-16,3532.7488,3552.1392,3531.4632,3541.4521,3541.4521,2106060
2025-10-17,3541.4521,3594.1218,3540.1119,3583.6732,3583.6732,1630169
2025-10-20,3583.6732,3594.8958,3530.8738,3534.0163,3534.0163,1401531
2025-10-21,3534.0163,3580.2188,3528.4158,3559.3589,3559.3589,2263167
2025-10-22,3559.3589,3621.8278,3553.2008,3620.2027,3620.2027,1919075
2025-10-23,3620.2027,3670.1929,3619.0104,3656.1717,3656.1717,1473734
2025-10-24,3656.1717,3712.6041,3615.486,3710.6416,3710.6416,2196104
2025-10-27,3710.6416,3715.2348,3648.0806,3672.2433,3672.2433,2257701
2025-10-28,3672.2433,3797.0647,3658.6307,3788.5919,3788.5919,1667690
2025-10-29,3788.5919,3788.9984,3765.4031,3774.9067,3774.9067,2042088
2025-10-30,3774.9067,3810.5966,3744.2314,3780.6954,3780.6954,2012866
2025-10-31,3780.6954,3849.2726,3779.9512,3824.3318,3824.3318,1930666
2025-11-03,3824.3318,3828.809,3788.5927,3800.1525,3800.1525,2290064
2025-11-04,3800.1525,3819.288,3669.3868,3700.2243,3700.2243,2020312
2025-11-05,3700.2243,3701.3728,3668.685,3670.5849,3670.5849,2681863
2025-11-06,3670.5849,3752.8556,3663.8872,3736.2806,3736.2806,2251698
2025-11-07,3736.2806,3752.123,3714.2908,3714.867,3714.867,2378575
2025-11-10,3714.867,3752.0429,3711.4023,3749.3442,3749.3442,1523156
2025-11-11,3749.3442,3752.0304,3745.4807,3746.5258,3746.5258,1229757
2025-11-12,3746.5258,3768.1771,3681.4331,3682.0621,3682.0621,1574542
2025-11-13,3682.0621,3692.9729,3672.7403,3675.7367,3675.7367,2412631
2025-11-14,3675.7367,3745.0596,3668.2309,3737.1749,3737.1749,961120
2025-11-17,3737.1749,3760.602,3706.0088,3727.0004,3727.0004,2985281
2025-11-18,3727.0004,3771.7499,3710.5051,3764.4637,3764.4637,2697297
2025-11-19,3764.4637,3777.5001,3696.9703,3712.4565,3712.4565,2052428
2025-11-20,3712.4565,3746.8543,3679.8851,3684.9028,3684.9028,2349050
2025-11-21,3684.9028,3734.4102,3658.6475,3713.6929,3713.6929,2012079
2025-11-24,3713.6929,3720.1744,3690.3014,3690.7755,3690.7755,1900621
2025-11-25,3690.7755,3716.8423,3633.3978,3641.8911,3641.8911,1993540
2025-11-26,3641.8911,3680.213,3635.2025,3668.0006,3668.0006,1642278
2025-11-27,3668.0006,3713.2685,3654.3315,3687.6382,3687.6382,2366777
2025-11-28,3687.6382,3731.7112,3686.2592,3719.3983,3719.3983,2998417
2025-12-01,3719.3983,3748.5189,3672.7932,3741.8805,3741.8805,1410272
2025-12-02,3741.8805,3752.5436,3654.6389,3679.2276,3679.2276,1276812
2025-12-03,3679.2276,3698.1735,3624.8891,3625.4078,3625.4078,1426023
2025-12-04,3625.4078,3704.3656,3584.4016,3699.5333,3699.5333,1077659
2025-12-05,3699.5333,3702.2282,3658.4444,3678.6004,3678.6004,2338027
2025-12-08,3678.6004,3680.6712,3648.6068,3659.5145,3659.5145,2207934
2025-12-09,3659.5145,3687.8465,3643.3541,3685.2933,3685.2933,2240386
2025-12-10,3685.2933,3720.876,3680.7919,3693.2874,3693.2874,1694931
2025-12-11,3693.2874,3697.6682,3665.9069,3668.6192,3668.6192,2119348
2025-12-12,3668.6192,3680.223,3629.0207,3658.8373,3658.8373,1370978
2025-12-15,3658.8373,3742.9142,3657.4986,3722.2225,3722.2225,1853557
2025-12-16,3722.2225,3730.0159,3672.4083,3674.3916,3674.3916,2114354
2025-12-17,3674.3916,3682.2945,3640.8962,3656.2929,3656.2929,1996104
2025-12-18,3656.2929,3671.5685,3636.5473,3643.6717,3643.6717,2299977
2025-12-19,3643.6717,3657.8896,3612.4772,3625.8992,3625.8992,1478054
2025-12-22,3625.8992,3633.3131,3577.5109,3596.3952,3596.3952,2395245
2025-12-23,3596.3952,3597.0033,3518.9143,3523.7377,3523.7377,1838458
2025-12-24,3523.7377,3524.2379,3516.9554,3522.8376,3522.8376,1894547
2025-12-25,3522.8376,3582.9549,3522.48,3581.7819,3581.7819,1449753
2025-12-26,3581.7819,3607.6933,3577.1554,3584.3324,3584.3324,2310825
2025-12-29,3584.3324,3671.3243,3553.2336,3656.8401,3656.8401,2052943
2025-12-30,3656.8401,3658.5149,3578.7866,3614.2568,3614.2568,1892806
2025-12-31,3614.2568,3618.1765,3580.8895,3582.799,3582.799,1518216
